,age,bmi,systolic_bp,diastolic_bp,heart_rate,fasting_glucose,hba1c,total_cholesterol,exercise_days_per_week,medication_adherence_pct,visits_last_year,risk_score
age,1.0,0.164,0.441,0.368,0.05,0.261,0.287,0.242,-0.304,-0.018,0.359,0.67
bmi,0.164,1.0,0.233,0.166,0.103,0.276,0.339,0.228,-0.156,0.025,0.071,0.456
systolic_bp,0.441,0.233,1.0,0.636,0.066,0.154,0.175,0.139,-0.143,-0.046,0.142,0.585
diastolic_bp,0.368,0.166,0.636,1.0,0.059,0.132,0.175,0.105,-0.101,-0.055,0.129,0.459
heart_rate,0.05,0.103,0.066,0.059,1.0,0.018,0.018,0.047,-0.259,-0.03,0.007,0.139
fasting_glucose,0.261,0.276,0.154,0.132,0.018,1.0,0.69,0.12,-0.137,-0.012,0.209,0.459
hba1c,0.287,0.339,0.175,0.175,0.018,0.69,1.0,0.176,-0.155,0.024,0.255,0.52
total_cholesterol,0.242,0.228,0.139,0.105,0.047,0.12,0.176,1.0,-0.073,-0.008,0.106,0.323
exercise_days_per_week,-0.304,-0.156,-0.143,-0.101,-0.259,-0.137,-0.155,-0.073,1.0,0.004,-0.126,-0.371
medication_adherence_pct,-0.018,0.025,-0.046,-0.055,-0.03,-0.012,0.024,-0.008,0.004,1.0,0.014,-0.124
visits_last_year,0.359,0.071,0.142,0.129,0.007,0.209,0.255,0.106,-0.126,0.014,1.0,0.296
risk_score,0.67,0.456,0.585,0.459,0.139,0.459,0.52,0.323,-0.371,-0.124,0.296,1.0
