column,missing_count,missing_pct,distinct_raw_values,format_issues,invalid_values,iqr_outliers,whitespace_issues
patient_id,0,0.0,1200,0,0,0,49
visit_date,0,0.0,694,150,9,0,0
clinic_id,24,1.94,23,110,0,0,37
age,0,0.0,83,10,8,0,0
sex,10,0.81,11,307,4,0,64
bmi,52,4.21,318,163,5,19,0
systolic_bp,35,2.83,180,98,5,14,0
diastolic_bp,87,7.04,58,0,0,8,0
heart_rate,36,2.91,62,0,7,15,0
fasting_glucose,61,4.94,170,197,5,66,0
hba1c,73,5.91,90,370,3,57,0
total_cholesterol,87,7.04,175,0,3,7,0
smoking_status,36,2.91,11,455,0,0,0
exercise_days_per_week,62,5.02,12,0,6,0,0
family_history_flag,36,2.91,10,389,0,0,0
medication_adherence_pct,122,9.87,105,64,4,16,0
visits_last_year,23,1.86,11,0,3,4,0
risk_score,24,1.94,699,1,7,0,0
risk_group,24,1.94,12,166,0,0,55
follow_up_days,0,0.0,218,0,4,0,0
