month,screening_visits,follow_up_requests,lab_requests
2019-01-01,871,250,561
2019-02-01,882,254,539
2019-03-01,874,230,540
2019-04-01,824,210,537
2019-05-01,786,213,518
2019-06-01,767,210,500
2019-07-01,769,213,489
2019-08-01,728,191,463
2019-09-01,840,226,549
2019-10-01,895,242,558
2019-11-01,937,262,610
2019-12-01,935,264,583
2020-01-01,929,273,586
2020-02-01,902,263,592
2020-03-01,972,279,645
2020-04-01,928,260,613
2020-05-01,879,232,557
2020-06-01,878,251,544
2020-07-01,861,220,567
2020-08-01,802,238,496
2020-09-01,903,235,613
2020-10-01,1012,281,647
2020-11-01,966,274,679
2020-12-01,999,274,643
2021-01-01,1023,266,685
2021-02-01,1019,275,662
2021-03-01,1011,276,667
2021-04-01,979,270,654
2021-05-01,926,248,634
2021-06-01,919,249,633
2021-07-01,927,237,633
2021-08-01,855,247,594
2021-09-01,1028,274,676
2021-10-01,1036,287,704
2021-11-01,1077,303,714
2021-12-01,1042,271,716
2022-01-01,1102,307,740
2022-02-01,1065,298,726
2022-03-01,1050,281,711
2022-04-01,1054,293,724
2022-05-01,1000,264,661
2022-06-01,1042,282,675
2022-07-01,992,265,691
2022-08-01,921,269,652
2022-09-01,1073,284,725
2022-10-01,1097,303,757
2022-11-01,1126,320,733
2022-12-01,1133,298,756
2023-01-01,1163,323,789
2023-02-01,1154,311,752
2023-03-01,1132,287,742
2023-04-01,1123,296,768
2023-05-01,1031,273,696
2023-06-01,1053,280,715
2023-07-01,1032,276,701
2023-08-01,972,263,649
2023-09-01,1110,289,757
2023-10-01,1155,315,790
2023-11-01,1169,327,790
2023-12-01,1213,339,820
2024-01-01,1232,338,839
2024-02-01,1207,342,842
2024-03-01,1231,326,842
2024-04-01,1158,310,763
2024-05-01,1094,299,736
2024-06-01,1109,296,785
2024-07-01,1114,289,760
2024-08-01,996,276,696
2024-09-01,1221,322,877
2024-10-01,1232,328,862
2024-11-01,1215,337,802
2024-12-01,1250,342,890
