patient_id,visit_date,clinic_id,variable,value,lower_fence,upper_fence,z_score,outlier_type,action
PT100228,2023-01-04,CL03,bmi,56.6,14.7,38.7,6.06,extreme (>3 IQR),Retained (valid range) - review source record; consider robust statistics
PT101137,2023-01-23,CL03,bmi,44.5,14.7,38.7,3.57,mild (1.5-3 IQR),Retained (valid range) - review source record; consider robust statistics
PT100920,2023-01-26,CL03,bmi,58.1,14.7,38.7,6.37,extreme (>3 IQR),Retained (valid range) - review source record; consider robust statistics
PT100075,2023-03-18,CL01,bmi,39.6,14.7,38.7,2.57,mild (1.5-3 IQR),Retained (valid range) - review source record; consider robust statistics
PT100320,2023-04-30,CL06,bmi,43.7,14.7,38.7,3.41,mild (1.5-3 IQR),Retained (valid range) - review source record; consider robust statistics
PT100810,2023-06-21,CL06,bmi,49.3,14.7,38.7,4.56,extreme (>3 IQR),Retained (valid range) - review source record; consider robust statistics
PT100141,2023-07-31,CL03,bmi,41.2,14.7,38.7,2.9,mild (1.5-3 IQR),Retained (valid range) - review source record; consider robust statistics
PT100528,2023-08-23,CL06,bmi,40.4,14.7,38.7,2.73,mild (1.5-3 IQR),Retained (valid range) - review source record; consider robust statistics
PT100222,2023-10-14,CL03,bmi,43.0,14.7,38.7,3.27,mild (1.5-3 IQR),Retained (valid range) - review source record; consider robust statistics
PT101050,2023-12-29,CL02,bmi,42.3,14.7,38.7,3.12,mild (1.5-3 IQR),Retained (valid range) - review source record; consider robust statistics
PT100138,2023-12-31,CL03,bmi,55.8,14.7,38.7,5.89,extreme (>3 IQR),Retained (valid range) - review source record; consider robust statistics
PT100343,2024-01-10,CL05,bmi,39.2,14.7,38.7,2.48,mild (1.5-3 IQR),Retained (valid range) - review source record; consider robust statistics
PT101142,2024-02-29,CL05,bmi,52.3,14.7,38.7,5.18,extreme (>3 IQR),Retained (valid range) - review source record; consider robust statistics
PT101023,2024-03-15,CL06,bmi,45.1,14.7,38.7,3.7,mild (1.5-3 IQR),Retained (valid range) - review source record; consider robust statistics
PT100017,2024-03-28,CL03,bmi,39.9,14.7,38.7,2.63,mild (1.5-3 IQR),Retained (valid range) - review source record; consider robust statistics
PT100880,2024-06-17,CL03,bmi,42.9,14.7,38.7,3.24,mild (1.5-3 IQR),Retained (valid range) - review source record; consider robust statistics
PT100543,2024-07-11,CL05,bmi,55.8,14.7,38.7,5.89,extreme (>3 IQR),Retained (valid range) - review source record; consider robust statistics
PT100097,2024-08-08,CL02,bmi,39.7,14.7,38.7,2.59,mild (1.5-3 IQR),Retained (valid range) - review source record; consider robust statistics
PT100350,2024-12-13,CL01,bmi,41.4,14.7,38.7,2.94,mild (1.5-3 IQR),Retained (valid range) - review source record; consider robust statistics
PT100069,2023-01-20,CL01,systolic_bp,164.0,82.5,158.5,2.85,mild (1.5-3 IQR),Retained (valid range) - review source record; consider robust statistics
PT101132,2023-02-22,CL03,systolic_bp,162.0,82.5,158.5,2.72,mild (1.5-3 IQR),Retained (valid range) - review source record; consider robust statistics
PT100486,2023-04-23,CL02,systolic_bp,82.0,82.5,158.5,-2.56,mild (1.5-3 IQR),Retained (valid range) - review source record; consider robust statistics
PT100922,2023-04-29,CL05,systolic_bp,221.0,82.5,158.5,6.61,extreme (>3 IQR),Retained (valid range) - review source record; consider robust statistics
PT100822,2023-07-04,CL03,systolic_bp,160.0,82.5,158.5,2.59,mild (1.5-3 IQR),Retained (valid range) - review source record; consider robust statistics
PT100608,2023-11-07,CL01,systolic_bp,161.0,82.5,158.5,2.65,mild (1.5-3 IQR),Retained (valid range) - review source record; consider robust statistics
PT100680,2023-11-24,CL02,systolic_bp,212.0,82.5,158.5,6.02,extreme (>3 IQR),Retained (valid range) - review source record; consider robust statistics
PT100180,2024-02-20,CL04,systolic_bp,221.0,82.5,158.5,6.61,extreme (>3 IQR),Retained (valid range) - review source record; consider robust statistics
PT100835,2024-02-23,CL04,systolic_bp,161.0,82.5,158.5,2.65,mild (1.5-3 IQR),Retained (valid range) - review source record; consider robust statistics
PT100504,2024-03-27,CL03,systolic_bp,78.0,82.5,158.5,-2.82,mild (1.5-3 IQR),Retained (valid range) - review source record; consider robust statistics
PT100322,2024-05-03,CL03,systolic_bp,78.0,82.5,158.5,-2.82,mild (1.5-3 IQR),Retained (valid range) - review source record; consider robust statistics
PT101045,2024-11-01,CL01,systolic_bp,198.0,82.5,158.5,5.09,extreme (>3 IQR),Retained (valid range) - review source record; consider robust statistics
PT100604,2024-12-03,CL04,systolic_bp,163.0,82.5,158.5,2.79,mild (1.5-3 IQR),Retained (valid range) - review source record; consider robust statistics
PT100838,2024-12-27,,systolic_bp,71.0,82.5,158.5,-3.28,mild (1.5-3 IQR),Retained (valid range) - review source record; consider robust statistics
PT100228,2023-01-04,CL03,diastolic_bp,104.0,49.5,101.5,2.94,mild (1.5-3 IQR),Retained (valid range) - review source record; consider robust statistics
PT100702,2023-04-06,CL02,diastolic_bp,47.0,49.5,101.5,-3.01,mild (1.5-3 IQR),Retained (valid range) - review source record; consider robust statistics
PT100842,2023-06-02,CL05,diastolic_bp,47.0,49.5,101.5,-3.01,mild (1.5-3 IQR),Retained (valid range) - review source record; consider robust statistics
PT100360,2023-11-10,CL03,diastolic_bp,109.0,49.5,101.5,3.46,mild (1.5-3 IQR),Retained (valid range) - review source record; consider robust statistics
PT100016,2023-12-22,CL02,diastolic_bp,48.0,49.5,101.5,-2.9,mild (1.5-3 IQR),Retained (valid range) - review source record; consider robust statistics
PT101050,2023-12-29,CL02,diastolic_bp,105.0,49.5,101.5,3.04,mild (1.5-3 IQR),Retained (valid range) - review source record; consider robust statistics
PT100354,2024-04-21,CL03,diastolic_bp,103.0,49.5,101.5,2.83,mild (1.5-3 IQR),Retained (valid range) - review source record; consider robust statistics
PT100414,2024-12-05,CL06,diastolic_bp,46.0,49.5,101.5,-3.11,mild (1.5-3 IQR),Retained (valid range) - review source record; consider robust statistics
PT100848,2023-03-07,CL04,heart_rate,47.0,49.0,97.0,-2.73,mild (1.5-3 IQR),Retained (valid range) - review source record; consider robust statistics
PT100486,2023-04-23,CL02,heart_rate,46.0,49.0,97.0,-2.84,mild (1.5-3 IQR),Retained (valid range) - review source record; consider robust statistics
PT100871,2023-05-01,CL04,heart_rate,99.0,49.0,97.0,2.69,mild (1.5-3 IQR),Retained (valid range) - review source record; consider robust statistics
PT100516,2023-11-17,CL01,heart_rate,45.0,49.0,97.0,-2.94,mild (1.5-3 IQR),Retained (valid range) - review source record; consider robust statistics
PT100242,2023-12-29,CL05,heart_rate,101.0,49.0,97.0,2.9,mild (1.5-3 IQR),Retained (valid range) - review source record; consider robust statistics
PT100343,2024-01-10,CL05,heart_rate,98.0,49.0,97.0,2.59,mild (1.5-3 IQR),Retained (valid range) - review source record; consider robust statistics
PT100492,2024-02-20,CL04,heart_rate,43.0,49.0,97.0,-3.15,mild (1.5-3 IQR),Retained (valid range) - review source record; consider robust statistics
PT100353,2024-03-01,CL03,heart_rate,100.0,49.0,97.0,2.79,mild (1.5-3 IQR),Retained (valid range) - review source record; consider robust statistics
PT100497,2024-04-27,CL03,heart_rate,44.0,49.0,97.0,-3.05,mild (1.5-3 IQR),Retained (valid range) - review source record; consider robust statistics
PT100114,2024-07-05,CL03,heart_rate,47.0,49.0,97.0,-2.73,mild (1.5-3 IQR),Retained (valid range) - review source record; consider robust statistics
PT101182,2024-07-13,CL01,heart_rate,46.0,49.0,97.0,-2.84,mild (1.5-3 IQR),Retained (valid range) - review source record; consider robust statistics
PT100950,2024-07-24,CL02,heart_rate,101.0,49.0,97.0,2.9,mild (1.5-3 IQR),Retained (valid range) - review source record; consider robust statistics
PT100170,2024-11-08,CL06,heart_rate,98.0,49.0,97.0,2.59,mild (1.5-3 IQR),Retained (valid range) - review source record; consider robust statistics
PT100370,2024-12-01,CL06,heart_rate,99.0,49.0,97.0,2.69,mild (1.5-3 IQR),Retained (valid range) - review source record; consider robust statistics
PT100228,2023-01-04,CL03,fasting_glucose,148.0,58.5,126.5,1.75,mild (1.5-3 IQR),Retained (valid range) - review source record; consider robust statistics
PT100328,2023-01-30,CL03,fasting_glucose,138.0,58.5,126.5,1.41,mild (1.5-3 IQR),Retained (valid range) - review source record; consider robust statistics
PT100122,2023-02-02,CL04,fasting_glucose,305.0,58.5,126.5,7.14,extreme (>3 IQR),Retained (valid range) - review source record; consider robust statistics
PT100938,2023-02-06,CL01,fasting_glucose,159.0,58.5,126.5,2.13,extreme (>3 IQR),Retained (valid range) - review source record; consider robust statistics
PT100670,2023-02-21,CL02,fasting_glucose,390.0,58.5,126.5,10.06,extreme (>3 IQR),Retained (valid range) - review source record; consider robust statistics
PT100194,2023-03-11,CL05,fasting_glucose,195.0,58.5,126.5,3.37,extreme (>3 IQR),Retained (valid range) - review source record; consider robust statistics
PT100635,2023-03-14,CL01,fasting_glucose,208.0,58.5,126.5,3.81,extreme (>3 IQR),Retained (valid range) - review source record; consider robust statistics
PT100156,2023-03-17,CL04,fasting_glucose,371.0,58.5,126.5,9.4,extreme (>3 IQR),Retained (valid range) - review source record; consider robust statistics
PT100281,2023-03-27,CL01,fasting_glucose,160.0,58.5,126.5,2.16,extreme (>3 IQR),Retained (valid range) - review source record; consider robust statistics
PT100430,2023-04-03,CL05,fasting_glucose,131.0,58.5,126.5,1.17,mild (1.5-3 IQR),Retained (valid range) - review source record; consider robust statistics
PT100297,2023-04-04,CL06,fasting_glucose,177.0,58.5,126.5,2.75,extreme (>3 IQR),Retained (valid range) - review source record; consider robust statistics
PT100765,2023-04-04,,fasting_glucose,155.0,58.5,126.5,1.99,extreme (>3 IQR),Retained (valid range) - review source record; consider robust statistics
PT100908,2023-04-09,CL01,fasting_glucose,132.0,58.5,126.5,1.2,mild (1.5-3 IQR),Retained (valid range) - review source record; consider robust statistics
PT100514,2023-06-15,CL02,fasting_glucose,154.0,58.5,126.5,1.96,extreme (>3 IQR),Retained (valid range) - review source record; consider robust statistics
PT100810,2023-06-21,CL06,fasting_glucose,189.0,58.5,126.5,3.16,extreme (>3 IQR),Retained (valid range) - review source record; consider robust statistics
PT100972,2023-06-24,CL01,fasting_glucose,135.0,58.5,126.5,1.31,mild (1.5-3 IQR),Retained (valid range) - review source record; consider robust statistics
PT100267,2023-06-25,CL02,fasting_glucose,188.0,58.5,126.5,3.13,extreme (>3 IQR),Retained (valid range) - review source record; consider robust statistics
PT100351,2023-06-29,CL04,fasting_glucose,178.0,58.5,126.5,2.78,extreme (>3 IQR),Retained (valid range) - review source record; consider robust statistics
PT100816,2023-07-13,CL06,fasting_glucose,171.0,58.5,126.5,2.54,extreme (>3 IQR),Retained (valid range) - review source record; consider robust statistics
PT100768,2023-07-15,CL01,fasting_glucose,192.0,58.5,126.5,3.26,extreme (>3 IQR),Retained (valid range) - review source record; consider robust statistics
PT100387,2023-07-26,CL04,fasting_glucose,137.0,58.5,126.5,1.38,mild (1.5-3 IQR),Retained (valid range) - review source record; consider robust statistics
PT100141,2023-07-31,CL03,fasting_glucose,157.0,58.5,126.5,2.06,extreme (>3 IQR),Retained (valid range) - review source record; consider robust statistics
PT100597,2023-08-09,CL04,fasting_glucose,180.0,58.5,126.5,2.85,extreme (>3 IQR),Retained (valid range) - review source record; consider robust statistics
PT100452,2023-10-14,CL06,fasting_glucose,153.0,58.5,126.5,1.92,extreme (>3 IQR),Retained (valid range) - review source record; consider robust statistics
PT101155,2023-10-31,CL03,fasting_glucose,139.0,58.5,126.5,1.44,mild (1.5-3 IQR),Retained (valid range) - review source record; consider robust statistics
PT100294,2023-11-07,CL01,fasting_glucose,168.0,58.5,126.5,2.44,extreme (>3 IQR),Retained (valid range) - review source record; consider robust statistics
PT100608,2023-11-07,CL01,fasting_glucose,147.0,58.5,126.5,1.72,mild (1.5-3 IQR),Retained (valid range) - review source record; consider robust statistics
PT100590,2023-11-09,CL01,fasting_glucose,144.0,58.5,126.5,1.62,mild (1.5-3 IQR),Retained (valid range) - review source record; consider robust statistics
PT100820,2023-11-13,CL02,fasting_glucose,130.0,58.5,126.5,1.14,mild (1.5-3 IQR),Retained (valid range) - review source record; consider robust statistics
PT100861,2023-11-15,CL04,fasting_glucose,189.0,58.5,126.5,3.16,extreme (>3 IQR),Retained (valid range) - review source record; consider robust statistics
PT100127,2023-12-09,CL02,fasting_glucose,149.0,58.5,126.5,1.79,mild (1.5-3 IQR),Retained (valid range) - review source record; consider robust statistics
PT100032,2024-01-17,CL06,fasting_glucose,202.0,58.5,126.5,3.61,extreme (>3 IQR),Retained (valid range) - review source record; consider robust statistics
PT100937,2024-01-18,CL06,fasting_glucose,147.0,58.5,126.5,1.72,mild (1.5-3 IQR),Retained (valid range) - review source record; consider robust statistics
PT100960,2024-01-21,CL03,fasting_glucose,402.0,58.5,126.5,10.47,extreme (>3 IQR),Retained (valid range) - review source record; consider robust statistics
PT100394,2024-01-27,CL04,fasting_glucose,129.0,58.5,126.5,1.1,mild (1.5-3 IQR),Retained (valid range) - review source record; consider robust statistics
PT100375,2024-02-03,CL01,fasting_glucose,189.0,58.5,126.5,3.16,extreme (>3 IQR),Retained (valid range) - review source record; consider robust statistics
PT100746,2024-02-08,CL03,fasting_glucose,148.0,58.5,126.5,1.75,mild (1.5-3 IQR),Retained (valid range) - review source record; consider robust statistics
PT100256,2024-02-18,CL04,fasting_glucose,365.0,58.5,126.5,9.2,extreme (>3 IQR),Retained (valid range) - review source record; consider robust statistics
PT100744,2024-02-20,CL01,fasting_glucose,186.0,58.5,126.5,3.06,extreme (>3 IQR),Retained (valid range) - review source record; consider robust statistics
PT100045,2024-03-13,CL05,fasting_glucose,179.0,58.5,126.5,2.82,extreme (>3 IQR),Retained (valid range) - review source record; consider robust statistics
PT100425,2024-03-28,CL04,fasting_glucose,161.0,58.5,126.5,2.2,extreme (>3 IQR),Retained (valid range) - review source record; consider robust statistics
PT100289,2024-04-11,CL03,fasting_glucose,175.0,58.5,126.5,2.68,extreme (>3 IQR),Retained (valid range) - review source record; consider robust statistics
PT100592,2024-04-11,CL03,fasting_glucose,178.0,58.5,126.5,2.78,extreme (>3 IQR),Retained (valid range) - review source record; consider robust statistics
PT100924,2024-04-12,CL03,fasting_glucose,179.0,58.5,126.5,2.82,extreme (>3 IQR),Retained (valid range) - review source record; consider robust statistics
PT100759,2024-05-03,CL01,fasting_glucose,139.0,58.5,126.5,1.44,mild (1.5-3 IQR),Retained (valid range) - review source record; consider robust statistics
PT100374,2024-05-30,CL02,fasting_glucose,129.0,58.5,126.5,1.1,mild (1.5-3 IQR),Retained (valid range) - review source record; consider robust statistics
PT100399,2024-06-01,CL03,fasting_glucose,195.0,58.5,126.5,3.37,extreme (>3 IQR),Retained (valid range) - review source record; consider robust statistics
PT100455,2024-06-13,CL01,fasting_glucose,147.0,58.5,126.5,1.72,mild (1.5-3 IQR),Retained (valid range) - review source record; consider robust statistics
PT100880,2024-06-17,CL03,fasting_glucose,144.0,58.5,126.5,1.62,mild (1.5-3 IQR),Retained (valid range) - review source record; consider robust statistics
PT100987,2024-07-20,CL02,fasting_glucose,198.0,58.5,126.5,3.47,extreme (>3 IQR),Retained (valid range) - review source record; consider robust statistics
PT101144,2024-07-20,CL05,fasting_glucose,168.0,58.5,126.5,2.44,extreme (>3 IQR),Retained (valid range) - review source record; consider robust statistics
PT100588,2024-07-25,CL02,fasting_glucose,365.0,58.5,126.5,9.2,extreme (>3 IQR),Retained (valid range) - review source record; consider robust statistics
PT101081,2024-08-07,CL02,fasting_glucose,365.0,58.5,126.5,9.2,extreme (>3 IQR),Retained (valid range) - review source record; consider robust statistics
PT100135,2024-08-08,CL03,fasting_glucose,176.0,58.5,126.5,2.71,extreme (>3 IQR),Retained (valid range) - review source record; consider robust statistics
PT100939,2024-09-19,CL06,fasting_glucose,181.0,58.5,126.5,2.89,extreme (>3 IQR),Retained (valid range) - review source record; consider robust statistics
PT100158,2024-09-25,CL04,fasting_glucose,167.0,58.5,126.5,2.4,extreme (>3 IQR),Retained (valid range) - review source record; consider robust statistics
PT100249,2024-11-15,CL02,fasting_glucose,130.0,58.5,126.5,1.14,mild (1.5-3 IQR),Retained (valid range) - review source record; consider robust statistics
PT100391,2024-11-15,CL04,fasting_glucose,162.0,58.5,126.5,2.23,extreme (>3 IQR),Retained (valid range) - review source record; consider robust statistics
PT100814,2024-12-06,CL03,fasting_glucose,229.0,58.5,126.5,4.53,extreme (>3 IQR),Retained (valid range) - review source record; consider robust statistics
PT101111,2024-12-11,CL01,fasting_glucose,186.0,58.5,126.5,3.06,extreme (>3 IQR),Retained (valid range) - review source record; consider robust statistics
PT100807,2024-12-31,CL04,fasting_glucose,143.0,58.5,126.5,1.58,mild (1.5-3 IQR),Retained (valid range) - review source record; consider robust statistics
PT100885,,,fasting_glucose,167.0,58.5,126.5,2.4,extreme (>3 IQR),Retained (valid range) - review source record; consider robust statistics
PT100228,2023-01-04,CL03,hba1c,7.2,3.95,6.75,2.18,mild (1.5-3 IQR),Retained (valid range) - review source record; consider robust statistics
PT101137,2023-01-23,CL03,hba1c,6.8,3.95,6.75,1.68,mild (1.5-3 IQR),Retained (valid range) - review source record; consider robust statistics
PT100328,2023-01-30,CL03,hba1c,7.2,3.95,6.75,2.18,mild (1.5-3 IQR),Retained (valid range) - review source record; consider robust statistics
PT100122,2023-02-02,CL04,hba1c,12.1,3.95,6.75,8.32,extreme (>3 IQR),Retained (valid range) - review source record; consider robust statistics
PT100938,2023-02-06,CL01,hba1c,7.8,3.95,6.75,2.93,mild (1.5-3 IQR),Retained (valid range) - review source record; consider robust statistics
PT100194,2023-03-11,CL05,hba1c,9.2,3.95,6.75,4.68,extreme (>3 IQR),Retained (valid range) - review source record; consider robust statistics
PT100635,2023-03-14,CL01,hba1c,9.6,3.95,6.75,5.18,extreme (>3 IQR),Retained (valid range) - review source record; consider robust statistics
PT100281,2023-03-27,CL01,hba1c,7.7,3.95,6.75,2.8,mild (1.5-3 IQR),Retained (valid range) - review source record; consider robust statistics
PT100430,2023-04-03,CL05,hba1c,7.1,3.95,6.75,2.05,mild (1.5-3 IQR),Retained (valid range) - review source record; consider robust statistics
PT100297,2023-04-04,CL06,hba1c,8.4,3.95,6.75,3.68,extreme (>3 IQR),Retained (valid range) - review source record; consider robust statistics
PT100765,2023-04-04,,hba1c,7.5,3.95,6.75,2.55,mild (1.5-3 IQR),Retained (valid range) - review source record; consider robust statistics
PT100908,2023-04-09,CL01,hba1c,6.8,3.95,6.75,1.68,mild (1.5-3 IQR),Retained (valid range) - review source record; consider robust statistics
PT100500,2023-05-28,CL03,hba1c,6.9,3.95,6.75,1.8,mild (1.5-3 IQR),Retained (valid range) - review source record; consider robust statistics
PT100514,2023-06-15,CL02,hba1c,7.6,3.95,6.75,2.68,mild (1.5-3 IQR),Retained (valid range) - review source record; consider robust statistics
PT100810,2023-06-21,CL06,hba1c,9.1,3.95,6.75,4.56,extreme (>3 IQR),Retained (valid range) - review source record; consider robust statistics
PT100267,2023-06-25,CL02,hba1c,8.4,3.95,6.75,3.68,extreme (>3 IQR),Retained (valid range) - review source record; consider robust statistics
PT100351,2023-06-29,CL04,hba1c,8.1,3.95,6.75,3.3,extreme (>3 IQR),Retained (valid range) - review source record; consider robust statistics
PT100816,2023-07-13,CL06,hba1c,8.4,3.95,6.75,3.68,extreme (>3 IQR),Retained (valid range) - review source record; consider robust statistics
PT100768,2023-07-15,CL01,hba1c,8.8,3.95,6.75,4.18,extreme (>3 IQR),Retained (valid range) - review source record; consider robust statistics
PT100387,2023-07-26,CL04,hba1c,7.0,3.95,6.75,1.93,mild (1.5-3 IQR),Retained (valid range) - review source record; consider robust statistics
PT100141,2023-07-31,CL03,hba1c,7.7,3.95,6.75,2.8,mild (1.5-3 IQR),Retained (valid range) - review source record; consider robust statistics
PT100597,2023-08-09,CL04,hba1c,8.6,3.95,6.75,3.93,extreme (>3 IQR),Retained (valid range) - review source record; consider robust statistics
PT100137,2023-08-27,CL06,hba1c,3.9,3.95,6.75,-1.96,mild (1.5-3 IQR),Retained (valid range) - review source record; consider robust statistics
PT100452,2023-10-14,CL06,hba1c,7.5,3.95,6.75,2.55,mild (1.5-3 IQR),Retained (valid range) - review source record; consider robust statistics
PT100915,2023-10-22,CL06,hba1c,6.9,3.95,6.75,1.8,mild (1.5-3 IQR),Retained (valid range) - review source record; consider robust statistics
PT100294,2023-11-07,CL01,hba1c,8.1,3.95,6.75,3.3,extreme (>3 IQR),Retained (valid range) - review source record; consider robust statistics
PT100608,2023-11-07,CL01,hba1c,7.7,3.95,6.75,2.8,mild (1.5-3 IQR),Retained (valid range) - review source record; consider robust statistics
PT100590,2023-11-09,CL01,hba1c,7.7,3.95,6.75,2.8,mild (1.5-3 IQR),Retained (valid range) - review source record; consider robust statistics
PT100534,2023-11-14,CL04,hba1c,6.8,3.95,6.75,1.68,mild (1.5-3 IQR),Retained (valid range) - review source record; consider robust statistics
PT100861,2023-11-15,CL04,hba1c,8.7,3.95,6.75,4.06,extreme (>3 IQR),Retained (valid range) - review source record; consider robust statistics
PT100032,2024-01-17,CL06,hba1c,9.1,3.95,6.75,4.56,extreme (>3 IQR),Retained (valid range) - review source record; consider robust statistics
PT100937,2024-01-18,CL06,hba1c,7.0,3.95,6.75,1.93,mild (1.5-3 IQR),Retained (valid range) - review source record; consider robust statistics
PT100375,2024-02-03,CL01,hba1c,8.6,3.95,6.75,3.93,extreme (>3 IQR),Retained (valid range) - review source record; consider robust statistics
PT100746,2024-02-08,CL03,hba1c,7.3,3.95,6.75,2.3,mild (1.5-3 IQR),Retained (valid range) - review source record; consider robust statistics
PT100744,2024-02-20,CL01,hba1c,8.2,3.95,6.75,3.43,extreme (>3 IQR),Retained (valid range) - review source record; consider robust statistics
PT100045,2024-03-13,CL05,hba1c,8.4,3.95,6.75,3.68,extreme (>3 IQR),Retained (valid range) - review source record; consider robust statistics
PT100425,2024-03-28,CL04,hba1c,7.4,3.95,6.75,2.43,mild (1.5-3 IQR),Retained (valid range) - review source record; consider robust statistics
PT100289,2024-04-11,CL03,hba1c,8.4,3.95,6.75,3.68,extreme (>3 IQR),Retained (valid range) - review source record; consider robust statistics
PT100592,2024-04-11,CL03,hba1c,8.8,3.95,6.75,4.18,extreme (>3 IQR),Retained (valid range) - review source record; consider robust statistics
PT100924,2024-04-12,CL03,hba1c,9.1,3.95,6.75,4.56,extreme (>3 IQR),Retained (valid range) - review source record; consider robust statistics
PT100477,2024-04-30,CL03,hba1c,8.9,3.95,6.75,4.31,extreme (>3 IQR),Retained (valid range) - review source record; consider robust statistics
PT100868,2024-05-19,CL05,hba1c,6.8,3.95,6.75,1.68,mild (1.5-3 IQR),Retained (valid range) - review source record; consider robust statistics
PT100399,2024-06-01,CL03,hba1c,9.2,3.95,6.75,4.68,extreme (>3 IQR),Retained (valid range) - review source record; consider robust statistics
PT100455,2024-06-13,CL01,hba1c,7.7,3.95,6.75,2.8,mild (1.5-3 IQR),Retained (valid range) - review source record; consider robust statistics
PT100880,2024-06-17,CL03,hba1c,7.3,3.95,6.75,2.3,mild (1.5-3 IQR),Retained (valid range) - review source record; consider robust statistics
PT100987,2024-07-20,CL02,hba1c,8.7,3.95,6.75,4.06,extreme (>3 IQR),Retained (valid range) - review source record; consider robust statistics
PT101144,2024-07-20,CL05,hba1c,8.0,3.95,6.75,3.18,extreme (>3 IQR),Retained (valid range) - review source record; consider robust statistics
PT100135,2024-08-08,CL03,hba1c,8.2,3.95,6.75,3.43,extreme (>3 IQR),Retained (valid range) - review source record; consider robust statistics
PT100939,2024-09-19,CL06,hba1c,8.7,3.95,6.75,4.06,extreme (>3 IQR),Retained (valid range) - review source record; consider robust statistics
PT100158,2024-09-25,CL04,hba1c,8.0,3.95,6.75,3.18,extreme (>3 IQR),Retained (valid range) - review source record; consider robust statistics
PT100249,2024-11-15,CL02,hba1c,6.9,3.95,6.75,1.8,mild (1.5-3 IQR),Retained (valid range) - review source record; consider robust statistics
PT100391,2024-11-15,CL04,hba1c,7.6,3.95,6.75,2.68,mild (1.5-3 IQR),Retained (valid range) - review source record; consider robust statistics
PT100814,2024-12-06,CL03,hba1c,9.8,3.95,6.75,5.43,extreme (>3 IQR),Retained (valid range) - review source record; consider robust statistics
PT101111,2024-12-11,CL01,hba1c,8.2,3.95,6.75,3.43,extreme (>3 IQR),Retained (valid range) - review source record; consider robust statistics
PT100807,2024-12-31,CL04,hba1c,7.0,3.95,6.75,1.93,mild (1.5-3 IQR),Retained (valid range) - review source record; consider robust statistics
PT100885,,,hba1c,8.0,3.95,6.75,3.18,extreme (>3 IQR),Retained (valid range) - review source record; consider robust statistics
PT100906,2023-07-06,CL04,total_cholesterol,101.0,102.0,286.0,-2.54,mild (1.5-3 IQR),Retained (valid range) - review source record; consider robust statistics
PT100412,2023-07-29,CL04,total_cholesterol,296.0,102.0,286.0,2.72,mild (1.5-3 IQR),Retained (valid range) - review source record; consider robust statistics
PT100925,2023-11-13,CL01,total_cholesterol,398.0,102.0,286.0,5.48,extreme (>3 IQR),Retained (valid range) - review source record; consider robust statistics
PT100865,2024-01-20,CL01,total_cholesterol,412.0,102.0,286.0,5.86,extreme (>3 IQR),Retained (valid range) - review source record; consider robust statistics
PT101139,2024-01-21,CL01,total_cholesterol,101.0,102.0,286.0,-2.54,mild (1.5-3 IQR),Retained (valid range) - review source record; consider robust statistics
PT101023,2024-03-15,CL06,total_cholesterol,405.0,102.0,286.0,5.67,extreme (>3 IQR),Retained (valid range) - review source record; consider robust statistics
PT101119,2024-05-10,CL02,total_cholesterol,86.0,102.0,286.0,-2.95,mild (1.5-3 IQR),Retained (valid range) - review source record; consider robust statistics
PT100117,2024-05-20,CL05,total_cholesterol,412.0,102.0,286.0,5.86,extreme (>3 IQR),Retained (valid range) - review source record; consider robust statistics
PT100350,2024-12-13,CL01,total_cholesterol,420.0,102.0,286.0,6.07,extreme (>3 IQR),Retained (valid range) - review source record; consider robust statistics
PT100670,2023-02-21,CL02,medication_adherence_pct,36.0,39.5,115.5,-2.95,mild (1.5-3 IQR),Retained (valid range) - review source record; consider robust statistics
PT100456,2023-02-26,CL01,medication_adherence_pct,29.0,39.5,115.5,-3.47,mild (1.5-3 IQR),Retained (valid range) - review source record; consider robust statistics
PT100526,2023-05-14,CL02,medication_adherence_pct,36.0,39.5,115.5,-2.95,mild (1.5-3 IQR),Retained (valid range) - review source record; consider robust statistics
PT100387,2023-07-26,CL04,medication_adherence_pct,34.0,39.5,115.5,-3.1,mild (1.5-3 IQR),Retained (valid range) - review source record; consider robust statistics
PT100968,2023-07-30,CL01,medication_adherence_pct,26.0,39.5,115.5,-3.69,mild (1.5-3 IQR),Retained (valid range) - review source record; consider robust statistics
PT100034,2023-08-19,CL02,medication_adherence_pct,35.0,39.5,115.5,-3.03,mild (1.5-3 IQR),Retained (valid range) - review source record; consider robust statistics
PT100809,2023-11-04,CL03,medication_adherence_pct,22.0,39.5,115.5,-3.98,mild (1.5-3 IQR),Retained (valid range) - review source record; consider robust statistics
PT100776,2024-02-12,CL05,medication_adherence_pct,28.0,39.5,115.5,-3.54,mild (1.5-3 IQR),Retained (valid range) - review source record; consider robust statistics
PT100866,2024-04-14,CL06,medication_adherence_pct,26.0,39.5,115.5,-3.69,mild (1.5-3 IQR),Retained (valid range) - review source record; consider robust statistics
PT100008,2024-06-03,CL05,medication_adherence_pct,29.0,39.5,115.5,-3.47,mild (1.5-3 IQR),Retained (valid range) - review source record; consider robust statistics
PT100852,2024-06-30,CL01,medication_adherence_pct,38.0,39.5,115.5,-2.81,mild (1.5-3 IQR),Retained (valid range) - review source record; consider robust statistics
PT100601,2024-07-22,CL03,medication_adherence_pct,36.0,39.5,115.5,-2.95,mild (1.5-3 IQR),Retained (valid range) - review source record; consider robust statistics
PT100630,2024-10-16,CL05,medication_adherence_pct,38.0,39.5,115.5,-2.81,mild (1.5-3 IQR),Retained (valid range) - review source record; consider robust statistics
PT101045,2024-11-01,CL01,medication_adherence_pct,36.0,39.5,115.5,-2.95,mild (1.5-3 IQR),Retained (valid range) - review source record; consider robust statistics
PT100344,2024-11-23,CL03,medication_adherence_pct,33.0,39.5,115.5,-3.17,mild (1.5-3 IQR),Retained (valid range) - review source record; consider robust statistics
PT100297,2023-04-04,CL06,visits_last_year,8.0,-2.0,6.0,4.34,mild (1.5-3 IQR),Retained (valid range) - review source record; consider robust statistics
PT100965,2023-04-28,CL06,visits_last_year,7.0,-2.0,6.0,3.65,mild (1.5-3 IQR),Retained (valid range) - review source record; consider robust statistics
PT100452,2023-10-14,CL06,visits_last_year,7.0,-2.0,6.0,3.65,mild (1.5-3 IQR),Retained (valid range) - review source record; consider robust statistics
PT101178,2024-09-18,CL02,visits_last_year,7.0,-2.0,6.0,3.65,mild (1.5-3 IQR),Retained (valid range) - review source record; consider robust statistics
